studio_id,name
1,Studio 1
2,Studio 2
3,Studio 3
4,Studio 4
5,Studio 5
6,Studio 6
7,Studio 7
8,Studio 8
9,Studio 9
10,Studio 10
11,Studio 11
12,Studio 12
13,Studio 13
14,Studio 14
15,Studio 15
16,Studio 16
17,Studio 17
18,Studio 18
19,Studio 19
20,Studio 20
21,Studio 21
22,Studio 22
23,Studio 23
24,Studio 24
25,Studio 25
26,Studio 26
27,Studio 27
28,Studio 28
29,Studio 29
30,Studio 30
31,Studio 31
32,Studio 32
33,Studio 33
34,Studio 34
35,Studio 35
36,Studio 36
37,Studio 37
38,Studio 38
39,Studio 39
40,Studio 40
41,Studio 41
42,Studio 42
43,Studio 43
44,Studio 44
45,Studio 45
46,Studio 46
47,Studio 47
48,Studio 48
49,Studio 49
50,Studio 50
51,Studio 51
52,Studio 52
53,Studio 53
54,Studio 54
55,Studio 55
56,Studio 56
57,Studio 57
58,Studio 58
59,Studio 59
60,Studio 60
61,Studio 61
62,Studio 62
63,Studio 63
64,Studio 64
65,Studio 65
66,Studio 66
67,Studio 67
68,Studio 68
69,Studio 69
70,Studio 70
71,Studio 71
72,Studio 72
73,Studio 73
74,Studio 74
75,Studio 75
76,Studio 76
77,Studio 77
78,Studio 78
79,Studio 79
80,Studio 80
81,Studio 81
82,Studio 82
83,Studio 83
84,Studio 84
85,Studio 85
86,Studio 86
87,Studio 87
88,Studio 88
89,Studio 89
90,Studio 90
91,Studio 91
92,Studio 92
93,Studio 93
94,Studio 94
95,Studio 95
96,Studio 96
97,Studio 97
98,Studio 98
99,Studio 99
100,Studio 100
101,Studio 101
102,Studio 102
103,Studio 103
104,Studio 104
105,Studio 105
106,Studio 106
107,Studio 107
108,Studio 108
109,Studio 109
110,Studio 110
111,Studio 111
112,Studio 112
113,Studio 113
114,Studio 114
115,Studio 115
116,Studio 116
117,Studio 117
118,Studio 118
119,Studio 119
120,Studio 120
121,Studio 121
122,Studio 122
123,Studio 123
124,Studio 124
125,Studio 125
126,Studio 126
127,Studio 127
128,Studio 128
129,Studio 129
130,Studio 130
131,Studio 131
132,Studio 132
133,Studio 133
134,Studio 134
135,Studio 135
136,Studio 136
137,Studio 137
138,Studio 138
139,Studio 139
140,Studio 140
141,Studio 141
142,Studio 142
143,Studio 143
144,Studio 144
145,Studio 145
146,Studio 146
147,Studio 147
148,Studio 148
149,Studio 149
150,Studio 150
151,Studio 151
152,Studio 152
153,Studio 153
154,Studio 154
155,Studio 155
156,Studio 156
157,Studio 157
158,Studio 158
159,Studio 159
160,Studio 160
161,Studio 161
162,Studio 162
163,Studio 163
164,Studio 164
165,Studio 165
166,Studio 166
167,Studio 167
168,Studio 168
169,Studio 169
170,Studio 170
171,Studio 171
172,Studio 172
173,Studio 173
174,Studio 174
175,Studio 175
176,Studio 176
177,Studio 177
178,Studio 178
179,Studio 179
180,Studio 180
181,Studio 181
182,Studio 182
183,Studio 183
184,Studio 184
185,Studio 185
186,Studio 186
187,Studio 187
188,Studio 188
189,Studio 189
190,Studio 190
191,Studio 191
192,Studio 192
193,Studio 193
194,Studio 194
195,Studio 195
196,Studio 196
197,Studio 197
198,Studio 198
199,Studio 199
200,Studio 200
201,Studio 201
202,Studio 202
203,Studio 203
204,Studio 204
205,Studio 205
206,Studio 206
207,Studio 207
208,Studio 208
209,Studio 209
210,Studio 210
211,Studio 211
212,Studio 212
213,Studio 213
214,Studio 214
215,Studio 215
216,Studio 216
217,Studio 217
218,Studio 218
219,Studio 219
220,Studio 220
221,Studio 221
222,Studio 222
223,Studio 223
224,Studio 224
225,Studio 225
226,Studio 226
227,Studio 227
228,Studio 228
229,Studio 229
230,Studio 230
231,Studio 231
232,Studio 232
233,Studio 233
234,Studio 234
235,Studio 235
236,Studio 236
237,Studio 237
238,Studio 238
239,Studio 239
240,Studio 240
241,Studio 241
242,Studio 242
243,Studio 243
244,Studio 244
245,Studio 245
246,Studio 246
247,Studio 247
248,Studio 248
249,Studio 249
250,Studio 250
251,Studio 251
252,Studio 252
253,Studio 253
254,Studio 254
255,Studio 255
256,Studio 256
257,Studio 257
258,Studio 258
259,Studio 259
260,Studio 260
261,Studio 261
262,Studio 262
263,Studio 263
264,Studio 264
265,Studio 265
266,Studio 266
267,Studio 267
268,Studio 268
269,Studio 269
270,Studio 270
271,Studio 271
272,Studio 272
273,Studio 273
274,Studio 274
275,Studio 275
276,Studio 276
277,Studio 277
278,Studio 278
279,Studio 279
280,Studio 280
281,Studio 281
282,Studio 282
283,Studio 283
284,Studio 284
285,Studio 285
286,Studio 286
287,Studio 287
288,Studio 288
289,Studio 289
290,Studio 290
291,Studio 291
292,Studio 292
293,Studio 293
294,Studio 294
295,Studio 295
296,Studio 296
297,Studio 297
298,Studio 298
299,Studio 299
300,Studio 300
301,Studio 301
302,Studio 302
303,Studio 303
304,Studio 304
305,Studio 305
306,Studio 306
307,Studio 307
308,Studio 308
309,Studio 309
310,Studio 310
311,Studio 311
312,Studio 312
313,Studio 313
314,Studio 314
315,Studio 315
316,Studio 316
317,Studio 317
318,Studio 318
319,Studio 319
320,Studio 320
321,Studio 321
322,Studio 322
323,Studio 323
324,Studio 324
325,Studio 325
326,Studio 326
327,Studio 327
328,Studio 328
329,Studio 329
330,Studio 330
331,Studio 331
332,Studio 332
333,Studio 333
334,Studio 334
335,Studio 335
336,Studio 336
337,Studio 337
338,Studio 338
339,Studio 339
340,Studio 340
341,Studio 341
342,Studio 342
343,Studio 343
344,Studio 344
345,Studio 345
346,Studio 346
347,Studio 347
348,Studio 348
349,Studio 349
350,Studio 350
351,Studio 351
352,Studio 352
353,Studio 353
354,Studio 354
355,Studio 355
356,Studio 356
357,Studio 357
358,Studio 358
359,Studio 359
360,Studio 360
361,Studio 361
362,Studio 362
363,Studio 363
364,Studio 364
365,Studio 365
366,Studio 366
367,Studio 367
368,Studio 368
369,Studio 369
370,Studio 370
371,Studio 371
372,Studio 372
373,Studio 373
374,Studio 374
375,Studio 375
376,Studio 376
377,Studio 377
378,Studio 378
379,Studio 379
380,Studio 380
381,Studio 381
382,Studio 382
383,Studio 383
384,Studio 384
385,Studio 385
386,Studio 386
387,Studio 387
388,Studio 388
389,Studio 389
390,Studio 390
391,Studio 391
392,Studio 392
393,Studio 393
394,Studio 394
395,Studio 395
396,Studio 396
397,Studio 397
398,Studio 398
399,Studio 399
400,Studio 400
401,Studio 401
402,Studio 402
403,Studio 403
404,Studio 404
405,Studio 405
406,Studio 406
407,Studio 407
408,Studio 408
409,Studio 409
410,Studio 410
411,Studio 411
412,Studio 412
413,Studio 413
414,Studio 414
415,Studio 415
416,Studio 416
417,Studio 417
418,Studio 418
419,Studio 419
420,Studio 420
421,Studio 421
422,Studio 422
423,Studio 423
424,Studio 424
425,Studio 425
426,Studio 426
427,Studio 427
428,Studio 428
429,Studio 429
430,Studio 430
431,Studio 431
432,Studio 432
433,Studio 433
434,Studio 434
435,Studio 435
436,Studio 436
437,Studio 437
438,Studio 438
439,Studio 439
440,Studio 440
441,Studio 441
442,Studio 442
443,Studio 443
444,Studio 444
445,Studio 445
446,Studio 446
447,Studio 447
448,Studio 448
449,Studio 449
450,Studio 450
451,Studio 451
452,Studio 452
453,Studio 453
454,Studio 454
455,Studio 455
456,Studio 456
457,Studio 457
458,Studio 458
459,Studio 459
460,Studio 460
461,Studio 461
462,Studio 462
463,Studio 463
464,Studio 464
465,Studio 465
466,Studio 466
467,Studio 467
468,Studio 468
469,Studio 469
470,Studio 470
471,Studio 471
472,Studio 472
473,Studio 473
474,Studio 474
475,Studio 475
476,Studio 476
477,Studio 477
478,Studio 478
479,Studio 479
480,Studio 480
481,Studio 481
482,Studio 482
483,Studio 483
484,Studio 484
485,Studio 485
486,Studio 486
487,Studio 487
488,Studio 488
489,Studio 489
490,Studio 490
491,Studio 491
492,Studio 492
493,Studio 493
494,Studio 494
495,Studio 495
496,Studio 496
497,Studio 497
498,Studio 498
499,Studio 499
500,Studio 500
501,Studio 501
502,Studio 502
503,Studio 503
504,Studio 504
505,Studio 505
506,Studio 506
507,Studio 507
508,Studio 508
509,Studio 509
510,Studio 510
511,Studio 511
512,Studio 512
513,Studio 513
514,Studio 514
515,Studio 515
516,Studio 516
517,Studio 517
518,Studio 518
519,Studio 519
520,Studio 520
521,Studio 521
522,Studio 522
523,Studio 523
524,Studio 524
525,Studio 525
526,Studio 526
527,Studio 527
528,Studio 528
529,Studio 529
530,Studio 530
531,Studio 531
532,Studio 532
533,Studio 533
534,Studio 534
535,Studio 535
536,Studio 536
537,Studio 537
538,Studio 538
539,Studio 539
540,Studio 540
541,Studio 541
542,Studio 542
543,Studio 543
544,Studio 544
545,Studio 545
546,Studio 546
547,Studio 547
548,Studio 548
549,Studio 549
550,Studio 550
551,Studio 551
552,Studio 552
553,Studio 553
554,Studio 554
555,Studio 555
556,Studio 556
557,Studio 557
558,Studio 558
559,Studio 559
560,Studio 560
561,Studio 561
562,Studio 562
563,Studio 563
564,Studio 564
565,Studio 565
566,Studio 566
567,Studio 567
568,Studio 568
569,Studio 569
570,Studio 570
571,Studio 571
572,Studio 572
573,Studio 573
574,Studio 574
575,Studio 575
576,Studio 576
577,Studio 577
578,Studio 578
579,Studio 579
580,Studio 580
581,Studio 581
582,Studio 582
583,Studio 583
584,Studio 584
585,Studio 585
586,Studio 586
587,Studio 587
588,Studio 588
589,Studio 589
590,Studio 590
591,Studio 591
592,Studio 592
593,Studio 593
594,Studio 594
595,Studio 595
596,Studio 596
597,Studio 597
598,Studio 598
599,Studio 599
600,Studio 600
601,Studio 601
602,Studio 602
603,Studio 603
604,Studio 604
605,Studio 605
606,Studio 606
607,Studio 607
608,Studio 608
609,Studio 609
610,Studio 610
611,Studio 611
612,Studio 612
613,Studio 613
614,Studio 614
615,Studio 615
616,Studio 616
617,Studio 617
618,Studio 618
619,Studio 619
620,Studio 620
621,Studio 621
622,Studio 622
623,Studio 623
624,Studio 624
625,Studio 625
626,Studio 626
627,Studio 627
628,Studio 628
629,Studio 629
630,Studio 630
631,Studio 631
632,Studio 632
633,Studio 633
634,Studio 634
635,Studio 635
636,Studio 636
637,Studio 637
638,Studio 638
639,Studio 639
640,Studio 640
641,Studio 641
642,Studio 642
643,Studio 643
644,Studio 644
645,Studio 645
646,Studio 646
647,Studio 647
648,Studio 648
649,Studio 649
650,Studio 650
651,Studio 651
652,Studio 652
653,Studio 653
654,Studio 654
655,Studio 655
656,Studio 656
657,Studio 657
658,Studio 658
659,Studio 659
660,Studio 660
661,Studio 661
662,Studio 662
663,Studio 663
664,Studio 664
665,Studio 665
666,Studio 666
667,Studio 667
668,Studio 668
669,Studio 669
670,Studio 670
671,Studio 671
672,Studio 672
673,Studio 673
674,Studio 674
675,Studio 675
676,Studio 676
677,Studio 677
678,Studio 678
679,Studio 679
680,Studio 680
681,Studio 681
682,Studio 682
683,Studio 683
684,Studio 684
685,Studio 685
686,Studio 686
687,Studio 687
688,Studio 688
689,Studio 689
690,Studio 690
691,Studio 691
692,Studio 692
693,Studio 693
694,Studio 694
695,Studio 695
696,Studio 696
697,Studio 697
698,Studio 698
699,Studio 699
700,Studio 700
701,Studio 701
702,Studio 702
703,Studio 703
704,Studio 704
705,Studio 705
706,Studio 706
707,Studio 707
708,Studio 708
709,Studio 709
710,Studio 710
711,Studio 711
712,Studio 712
713,Studio 713
714,Studio 714
715,Studio 715
716,Studio 716
717,Studio 717
718,Studio 718
719,Studio 719
720,Studio 720
721,Studio 721
722,Studio 722
723,Studio 723
724,Studio 724
725,Studio 725
726,Studio 726
727,Studio 727
728,Studio 728
729,Studio 729
730,Studio 730
731,Studio 731
732,Studio 732
733,Studio 733
734,Studio 734
735,Studio 735
736,Studio 736
737,Studio 737
738,Studio 738
739,Studio 739
740,Studio 740
741,Studio 741
742,Studio 742
743,Studio 743
744,Studio 744
745,Studio 745
746,Studio 746
747,Studio 747
748,Studio 748
749,Studio 749
750,Studio 750
751,Studio 751
752,Studio 752
753,Studio 753
754,Studio 754
755,Studio 755
756,Studio 756
757,Studio 757
758,Studio 758
759,Studio 759
760,Studio 760
761,Studio 761
762,Studio 762
763,Studio 763
764,Studio 764
765,Studio 765
766,Studio 766
767,Studio 767
768,Studio 768
769,Studio 769
770,Studio 770
771,Studio 771
772,Studio 772
773,Studio 773
774,Studio 774
775,Studio 775
776,Studio 776
777,Studio 777
778,Studio 778
779,Studio 779
780,Studio 780
781,Studio 781
782,Studio 782
783,Studio 783
784,Studio 784
785,Studio 785
786,Studio 786
787,Studio 787
788,Studio 788
789,Studio 789
790,Studio 790
791,Studio 791
792,Studio 792
793,Studio 793
794,Studio 794
795,Studio 795
796,Studio 796
797,Studio 797
798,Studio 798
799,Studio 799
800,Studio 800
801,Studio 801
802,Studio 802
803,Studio 803
804,Studio 804
805,Studio 805
806,Studio 806
807,Studio 807
808,Studio 808
809,Studio 809
810,Studio 810
811,Studio 811
812,Studio 812
813,Studio 813
814,Studio 814
815,Studio 815
816,Studio 816
817,Studio 817
818,Studio 818
819,Studio 819
820,Studio 820
821,Studio 821
822,Studio 822
823,Studio 823
824,Studio 824
825,Studio 825
826,Studio 826
827,Studio 827
828,Studio 828
829,Studio 829
830,Studio 830
831,Studio 831
832,Studio 832
833,Studio 833
834,Studio 834
835,Studio 835
836,Studio 836
837,Studio 837
838,Studio 838
839,Studio 839
840,Studio 840
841,Studio 841
842,Studio 842
843,Studio 843
844,Studio 844
845,Studio 845
846,Studio 846
847,Studio 847
848,Studio 848
849,Studio 849
850,Studio 850
851,Studio 851
852,Studio 852
853,Studio 853
854,Studio 854
855,Studio 855
856,Studio 856
857,Studio 857
858,Studio 858
859,Studio 859
860,Studio 860
861,Studio 861
862,Studio 862
863,Studio 863
864,Studio 864
865,Studio 865
866,Studio 866
867,Studio 867
868,Studio 868
869,Studio 869
870,Studio 870
871,Studio 871
872,Studio 872
873,Studio 873
874,Studio 874
875,Studio 875
876,Studio 876
877,Studio 877
878,Studio 878
879,Studio 879
880,Studio 880
881,Studio 881
882,Studio 882
883,Studio 883
884,Studio 884
885,Studio 885
886,Studio 886
887,Studio 887
888,Studio 888
889,Studio 889
890,Studio 890
891,Studio 891
892,Studio 892
893,Studio 893
894,Studio 894
895,Studio 895
896,Studio 896
897,Studio 897
898,Studio 898
899,Studio 899
900,Studio 900
901,Studio 901
902,Studio 902
903,Studio 903
904,Studio 904
905,Studio 905
906,Studio 906
907,Studio 907
908,Studio 908
909,Studio 909
910,Studio 910
911,Studio 911
912,Studio 912
913,Studio 913
914,Studio 914
915,Studio 915
916,Studio 916
917,Studio 917
918,Studio 918
919,Studio 919
920,Studio 920
921,Studio 921
922,Studio 922
923,Studio 923
924,Studio 924
925,Studio 925
926,Studio 926
927,Studio 927
928,Studio 928
929,Studio 929
930,Studio 930
931,Studio 931
932,Studio 932
933,Studio 933
934,Studio 934
935,Studio 935
936,Studio 936
937,Studio 937
938,Studio 938
939,Studio 939
940,Studio 940
941,Studio 941
942,Studio 942
943,Studio 943
944,Studio 944
945,Studio 945
946,Studio 946
947,Studio 947
948,Studio 948
949,Studio 949
950,Studio 950
951,Studio 951
952,Studio 952
953,Studio 953
954,Studio 954
955,Studio 955
956,Studio 956
957,Studio 957
958,Studio 958
959,Studio 959
960,Studio 960
961,Studio 961
962,Studio 962
963,Studio 963
964,Studio 964
965,Studio 965
966,Studio 966
967,Studio 967
968,Studio 968
969,Studio 969
970,Studio 970
971,Studio 971
972,Studio 972
973,Studio 973
974,Studio 974
975,Studio 975
976,Studio 976
977,Studio 977
978,Studio 978
979,Studio 979
980,Studio 980
981,Studio 981
982,Studio 982
983,Studio 983
984,Studio 984
985,Studio 985
986,Studio 986
987,Studio 987
988,Studio 988
989,Studio 989
990,Studio 990
991,Studio 991
992,Studio 992
993,Studio 993
994,Studio 994
995,Studio 995
996,Studio 996
997,Studio 997
998,Studio 998
999,Studio 999
1000,Studio 1000
